alpha,id,id_low,id_high,ood,ood_low,ood_high
0.0,0.25,0.25,0.25,0.25,0.25,0.25
0.05,0.23927522630025244,0.23863455824964885,0.23992958129980588,0.24289812195929453,0.24183791606465746,0.24396235519058032
0.1,0.22910090009804263,0.22784716706752844,0.23039534270293852,0.2363043483490445,0.23419703073141637,0.23842406414606407
0.15,0.21947702139337058,0.21763815624964278,0.2213924310345611,0.23021867916925012,0.22705430261450385,0.23337984673459514
0.2,0.21040359018623636,0.20799484637378052,0.2129221302154432,0.22464111441991116,0.22042996063283957,0.22880797993836163
0.25,0.20188060647663986,0.19889806685872033,0.20498034403479048,0.21957165410102777,0.21431774690620387,0.22473556821224475
0.3,0.1939080702645811,0.19035498480265572,0.19758630184437323,0.21501029821259987,0.2087172840120371,0.22121803214936156
0.35,0.18648598155006016,0.18235483057245913,0.1907352162171397,0.21095704675462748,0.20363386898025113,0.21817907236701098
0.4,0.17961434033307697,0.17494928411768088,0.18444464721270545,0.2074118997271106,0.19907730211842983,0.21564081440444344
0.45,0.17329314661363154,0.16813521707127493,0.17867631852768898,0.20437485713004924,0.19498804353153854,0.21358435367840892
0.5,0.1675224003917239,0.16184236989876674,0.17346253213261886,0.2018459189634434,0.19146768140649376,0.21202015311458494
0.55,0.162302101667354,0.15611019074524846,0.16870226095013793,0.19982508522729306,0.18840463312759156,0.21107419848930703
0.6,0.15763225044052187,0.15094819818321475,0.16456684135591287,0.1983123559215982,0.1858360874777532,0.21055142731283166
0.65,0.15351284671122753,0.14632771616472906,0.16099082030024303,0.19730773104635893,0.18373743877459126,0.21045980255539143
0.7,0.14994389047947093,0.14231932605532968,0.15797182818710487,0.19681121060157517,0.1823504098268809,0.21103155255854764
0.75,0.1469253817452521,0.13886571490471145,0.15537329449026438,0.19682279458724686,0.18136041679645146,0.21200138548028463
0.8,0.14445732050857105,0.13601545674771134,0.15328928161028274,0.1973424830033741,0.18088803096855108,0.21355465772699342
0.85,0.14253970676942776,0.13357991619238346,0.15181347816208737,0.1983702758499568,0.1811375780894636,0.21563646849838605
0.9,0.14117254052782222,0.13186529057073562,0.15087638271705836,0.19990617312699513,0.18185315923787784,0.2182255401283814
0.95,0.14035582178375447,0.13055353495842037,0.1505706808087353,0.20195017483448885,0.18307438953865302,0.22127437122552648
1.0,0.1400895505372245,0.129800102553196,0.15063446403809713,0.20450228097243817,0.18481355700355745,0.22475921382000952
