model,split,brier_raw,brier_at_alpha,ci_low,ci_high,auc,best_alpha,delta_vs_submitted,delta_ci_low,delta_ci_high
Constant 0.5,in-distribution,0.25,0.25,0.25,0.25,0.5,,0.10005610952052907,0.09202817181289513,0.10768067394467036
Constant 0.5,out-of-distribution,0.25,0.25,0.25,0.25,0.5,,0.053188789398424856,0.03896844744145232,0.06764959017311911
LightGBM squared error (submitted),in-distribution,0.1400895505372245,0.14994389047947093,0.14231932605532968,0.15797182818710487,0.880284661821359,0.9991867978073344,0.0,0.0,0.0
LightGBM squared error (submitted),out-of-distribution,0.20450228097243817,0.19681121060157517,0.1823504098268809,0.21103155255854764,0.7655944792844659,0.7238600782656691,0.0,0.0,0.0
LightGBM log-loss + Platt scaling,in-distribution,0.14112157113235915,0.15488611588564233,0.14792107132728868,0.16207415104964185,0.8770428730291115,1.1049126814094175,0.004942225406171399,0.0022195378903842374,0.007536119261758605
LightGBM log-loss + Platt scaling,out-of-distribution,0.19850096482658447,0.1922077819715732,0.17902932700266974,0.20625684636640734,0.7743266166341112,0.7486972912013087,-0.004603428630001941,-0.009575193353176654,0.0004625158746768967
"LightGBM squared error, 500 trees depth 7",in-distribution,0.13974842865552894,0.14832624017439422,0.14032734945452424,0.1564360403226965,0.8798701298701299,0.9725518700872046,-0.0016176503050767171,-0.003781398144823229,0.0006178371092159039
"LightGBM squared error, 500 trees depth 7",out-of-distribution,0.21394666757170808,0.20176479034645006,0.1867466794289147,0.21705155714516572,0.7499485966896269,0.6646064944422667,0.0049535797448749174,0.0013554950820825488,0.008852981397206873
Logistic regression,in-distribution,0.17467019806941697,0.18005274890129613,0.17274056784516795,0.18724484190094537,0.8135748044004925,0.9594243810002984,0.030108858421825205,0.02340979388158918,0.03655454160694671
Logistic regression,out-of-distribution,0.22580232686797522,0.20891284202247093,0.1952659074714222,0.224027089180658,0.7366094376477845,0.6052125600127055,0.012101631420895792,0.0010547135621871032,0.023526127556282413
LightGBM on aircraft age only,in-distribution,0.1923897995249895,0.19245721756520517,0.18307544191964484,0.20231277489849767,0.7697907978871281,0.8513706322387095,0.04251332708573423,0.03508137127230763,0.04998704805506016
LightGBM on aircraft age only,out-of-distribution,0.21494581082230893,0.20451704114675048,0.18873035544927788,0.2204056728895559,0.7401112881669579,0.6757309725131193,0.007705830545175368,-0.00670228159928524,0.022596880347494987
