model,bin,mean_predicted,observed_rate,n
raw,0,0.03652076742651292,0.25263157894736843,95
raw,1,0.14736317269220042,0.22388059701492538,67
raw,2,0.2485509447157927,0.3404255319148936,47
raw,3,0.34744835279678177,0.3829787234042553,47
raw,4,0.44860114859350375,0.375,40
raw,5,0.5468549581396601,0.34375,32
raw,6,0.6551264027622014,0.65,40
raw,7,0.7541168141799149,0.6626506024096386,83
raw,8,0.8487776513650215,0.8548387096774194,62
raw,9,0.9566912636746611,0.9111111111111111,45
shrunk,1,0.16667791671744106,0.21333333333333335,75
shrunk,2,0.24592737533564998,0.2717391304347826,92
shrunk,3,0.34652192609501825,0.36231884057971014,69
shrunk,4,0.4478832949444162,0.36666666666666664,60
shrunk,5,0.5511509198320763,0.46938775510204084,49
shrunk,6,0.66157837424079,0.6595744680851063,94
shrunk,7,0.7441780482433101,0.8352941176470589,85
shrunk,8,0.8302972284538078,0.8823529411764706,34
